nome,link
Camiseta Westernbull - 2 GG - G_,https://raw.githubusercontent.com/Lucas-Henrique-Lopes-Costa/importar-wordpress/refs/heads/main/divicountry/imagens/Camiseta%20Westernbull%20-%202%20GG%20-%20G_.webp
Camiseta Westernbull - P_,https://raw.githubusercontent.com/Lucas-Henrique-Lopes-Costa/importar-wordpress/refs/heads/main/divicountry/imagens/Camiseta%20Westernbull%20-%20P_.webp
Camiseta Westernbull - GG - G - 2 M - P,https://raw.githubusercontent.com/Lucas-Henrique-Lopes-Costa/importar-wordpress/refs/heads/main/divicountry/imagens/Camiseta%20Westernbull%20-%20GG%20-%20G%20-%202%20M%20-%20P.webp
Camiseta Westernbull - 2 GG - 2 P,https://raw.githubusercontent.com/Lucas-Henrique-Lopes-Costa/importar-wordpress/refs/heads/main/divicountry/imagens/Camiseta%20Westernbull%20-%202%20GG%20-%202%20P.webp
Camiseta Westernbull - GG,https://raw.githubusercontent.com/Lucas-Henrique-Lopes-Costa/importar-wordpress/refs/heads/main/divicountry/imagens/Camiseta%20Westernbull%20-%20GG.webp
Camiseta Westernbull - P,https://raw.githubusercontent.com/Lucas-Henrique-Lopes-Costa/importar-wordpress/refs/heads/main/divicountry/imagens/Camiseta%20Westernbull%20-%20P.webp
Camiseta Westernbull - 2 M - P,https://raw.githubusercontent.com/Lucas-Henrique-Lopes-Costa/importar-wordpress/refs/heads/main/divicountry/imagens/Camiseta%20Westernbull%20-%202%20M%20-%20P.webp
Camiseta Westernbull - M_,https://raw.githubusercontent.com/Lucas-Henrique-Lopes-Costa/importar-wordpress/refs/heads/main/divicountry/imagens/Camiseta%20Westernbull%20-%20M_.webp
Camiseta Westernbull - GG - G - M - 2 P,https://raw.githubusercontent.com/Lucas-Henrique-Lopes-Costa/importar-wordpress/refs/heads/main/divicountry/imagens/Camiseta%20Westernbull%20-%20GG%20-%20G%20-%20M%20-%202%20P.webp
Camiseta Westernbull - G - M_,https://raw.githubusercontent.com/Lucas-Henrique-Lopes-Costa/importar-wordpress/refs/heads/main/divicountry/imagens/Camiseta%20Westernbull%20-%20G%20-%20M_.webp
Camiseta Westernbull - 2 P - G2,https://raw.githubusercontent.com/Lucas-Henrique-Lopes-Costa/importar-wordpress/refs/heads/main/divicountry/imagens/Camiseta%20Westernbull%20-%202%20P%20-%20G2.webp
Camiseta Westernbull - 2 G - 2 M(1),https://raw.githubusercontent.com/Lucas-Henrique-Lopes-Costa/importar-wordpress/refs/heads/main/divicountry/imagens/Camiseta%20Westernbull%20-%202%20G%20-%202%20M%281%29.webp
Camiseta Westernbull - 2 GG - G - M - P_,https://raw.githubusercontent.com/Lucas-Henrique-Lopes-Costa/importar-wordpress/refs/heads/main/divicountry/imagens/Camiseta%20Westernbull%20-%202%20GG%20-%20G%20-%20M%20-%20P_.webp
Camiseta Westernbull - M - G(1),https://raw.githubusercontent.com/Lucas-Henrique-Lopes-Costa/importar-wordpress/refs/heads/main/divicountry/imagens/Camiseta%20Westernbull%20-%20M%20-%20G%281%29.webp
Camiseta Westernbull - G - 2 P -_,https://raw.githubusercontent.com/Lucas-Henrique-Lopes-Costa/importar-wordpress/refs/heads/main/divicountry/imagens/Camiseta%20Westernbull%20-%20G%20-%202%20P%20-_.webp
Camiseta Westernbull - 2 GG - 3 G  A 2 M -_,https://raw.githubusercontent.com/Lucas-Henrique-Lopes-Costa/importar-wordpress/refs/heads/main/divicountry/imagens/Camiseta%20Westernbull%20-%202%20GG%20-%203%20G%20%20A%202%20M%20-_.webp
Camiseta Westernbull - 2 M - P(1),https://raw.githubusercontent.com/Lucas-Henrique-Lopes-Costa/importar-wordpress/refs/heads/main/divicountry/imagens/Camiseta%20Westernbull%20-%202%20M%20-%20P%281%29.webp
Camiseta Westernbull - 2 P - 2 M - G - GG,https://raw.githubusercontent.com/Lucas-Henrique-Lopes-Costa/importar-wordpress/refs/heads/main/divicountry/imagens/Camiseta%20Westernbull%20-%202%20P%20-%202%20M%20-%20G%20-%20GG.webp
Camiseta Westernbull - 2 P_,https://raw.githubusercontent.com/Lucas-Henrique-Lopes-Costa/importar-wordpress/refs/heads/main/divicountry/imagens/Camiseta%20Westernbull%20-%202%20P_.webp
Camiseta Westernbull - 2 P,https://raw.githubusercontent.com/Lucas-Henrique-Lopes-Costa/importar-wordpress/refs/heads/main/divicountry/imagens/Camiseta%20Westernbull%20-%202%20P.webp
Camiseta Westernbull - 2 G - 2 M - P,https://raw.githubusercontent.com/Lucas-Henrique-Lopes-Costa/importar-wordpress/refs/heads/main/divicountry/imagens/Camiseta%20Westernbull%20-%202%20G%20-%202%20M%20-%20P.webp
Camiseta Westernbull - M_(1),https://raw.githubusercontent.com/Lucas-Henrique-Lopes-Costa/importar-wordpress/refs/heads/main/divicountry/imagens/Camiseta%20Westernbull%20-%20M_%281%29.webp
Camiseta Westernbull - G(3),https://raw.githubusercontent.com/Lucas-Henrique-Lopes-Costa/importar-wordpress/refs/heads/main/divicountry/imagens/Camiseta%20Westernbull%20-%20G%283%29.webp
Camiseta Westernbull - GG - G - M - 2 P(1),https://raw.githubusercontent.com/Lucas-Henrique-Lopes-Costa/importar-wordpress/refs/heads/main/divicountry/imagens/Camiseta%20Westernbull%20-%20GG%20-%20G%20-%20M%20-%202%20P%281%29.webp
Camiseta Westernbull - G(1),https://raw.githubusercontent.com/Lucas-Henrique-Lopes-Costa/importar-wordpress/refs/heads/main/divicountry/imagens/Camiseta%20Westernbull%20-%20G%281%29.webp
Camiseta Westernbull - 2 GG - 2 G - M,https://raw.githubusercontent.com/Lucas-Henrique-Lopes-Costa/importar-wordpress/refs/heads/main/divicountry/imagens/Camiseta%20Westernbull%20-%202%20GG%20-%202%20G%20-%20M.webp
Camiseta Westernbull - 2 G - M - 2 P,https://raw.githubusercontent.com/Lucas-Henrique-Lopes-Costa/importar-wordpress/refs/heads/main/divicountry/imagens/Camiseta%20Westernbull%20-%202%20G%20-%20M%20-%202%20P.webp
Camiseta Westernbull - P(1),https://raw.githubusercontent.com/Lucas-Henrique-Lopes-Costa/importar-wordpress/refs/heads/main/divicountry/imagens/Camiseta%20Westernbull%20-%20P%281%29.webp
Camiseta Westernbull - 2 GG - G - M - P,https://raw.githubusercontent.com/Lucas-Henrique-Lopes-Costa/importar-wordpress/refs/heads/main/divicountry/imagens/Camiseta%20Westernbull%20-%202%20GG%20-%20G%20-%20M%20-%20P.webp
Camiseta Westernbull - 2 P- M - G -_,https://raw.githubusercontent.com/Lucas-Henrique-Lopes-Costa/importar-wordpress/refs/heads/main/divicountry/imagens/Camiseta%20Westernbull%20-%202%20P-%20M%20-%20G%20-_.webp
Camiseta Westernbull - G1 - G -,https://raw.githubusercontent.com/Lucas-Henrique-Lopes-Costa/importar-wordpress/refs/heads/main/divicountry/imagens/Camiseta%20Westernbull%20-%20G1%20-%20G%20-.webp
Camiseta Westernbull - 2 G - 2 M,https://raw.githubusercontent.com/Lucas-Henrique-Lopes-Costa/importar-wordpress/refs/heads/main/divicountry/imagens/Camiseta%20Westernbull%20-%202%20G%20-%202%20M.webp
Camiseta Westernbull - G,https://raw.githubusercontent.com/Lucas-Henrique-Lopes-Costa/importar-wordpress/refs/heads/main/divicountry/imagens/Camiseta%20Westernbull%20-%20G.webp
Camiseta Westernbull - G(2),https://raw.githubusercontent.com/Lucas-Henrique-Lopes-Costa/importar-wordpress/refs/heads/main/divicountry/imagens/Camiseta%20Westernbull%20-%20G%282%29.webp
Camiseta Westernbull - M - G,https://raw.githubusercontent.com/Lucas-Henrique-Lopes-Costa/importar-wordpress/refs/heads/main/divicountry/imagens/Camiseta%20Westernbull%20-%20M%20-%20G.webp
