Folder Path,File Name
images/01. Canecas/P00211,Terapeuta (1).jpg
images/01. Canecas/P00211,Terapeuta (3).jpg
images/01. Canecas/P00211,Titulo e Descrição.txt
images/01. Canecas/P00211,Terapeuta (2).jpg
images/01. Canecas/P00211,Terapeuta (4).jpg
images/01. Canecas/P00023,Medicina 01 (4).jpg
images/01. Canecas/P00023,Medicina 01 (2).jpg
images/01. Canecas/P00023,Medicina 01 (1).jpg
images/01. Canecas/P00023,Medicina 01 (3)~1.jpg
images/01. Canecas/P00023,Titulo e Descrição.txt
images/01. Canecas/E00084,A (40).jpg
images/01. Canecas/E00084,C (40).jpg
images/01. Canecas/E00084,B (40).jpg
images/01. Canecas/P00024,Nutricionista 01 (2).jpg
images/01. Canecas/P00024,Nutricionista 01 (4).jpg
images/01. Canecas/P00024,Nutricionista 01 (3)~1.jpg
images/01. Canecas/P00024,Titulo e Descrição.txt
images/01. Canecas/P00024,Nutricionista 01 (1).jpg
images/01. Canecas/P00216,12 - Caneca Jiu Jitso Com Caricatura E Nome Alça Colorida Preta 3.jpg
images/01. Canecas/P00216,12 - Caneca Jiu Jitso Com Caricatura E Nome Alça Colorida Preta 2.jpg
images/01. Canecas/P00216,12 - Caneca Jiu Jitso Com Caricatura E Nome Alça Colorida Preta 1.jpg
images/01. Canecas/P00216,Titulo e Descrição.txt
images/01. Canecas/E00077,B (19).jpg
images/01. Canecas/E00077,C (19).jpg
images/01. Canecas/E00077,A (19).jpg
images/01. Canecas/P00482,Aluminio Chopp 01 2.png
images/01. Canecas/P00482,Titulo e Descrição.txt
images/01. Canecas/P00482,Aluminio Chopp 02.png
images/01. Canecas/P00476,Caneca 100ml 2 (1) 004 2.jpg
images/01. Canecas/P00476,Caneca 100ml 2 (1) 004 4.jpg
images/01. Canecas/P00476,Titulo e Descrição.txt
images/01. Canecas/P00476,Caneca 100ml 2 (1) 004.jpg
images/01. Canecas/P00012,Depilação 01 (1).jpg
images/01. Canecas/P00012,Titulo e Descrição.txt
images/01. Canecas/P00012,Depilação 01 (2).jpg
images/01. Canecas/P00012,Depilação 01 (3)~1.jpg
images/01. Canecas/P00012,Depilação 01 (4).jpg
images/01. Canecas/P00220,Titulo e Descrição.txt
images/01. Canecas/P00220,A (3).jpg
images/01. Canecas/P00220,C (3).jpg
images/01. Canecas/P00220,B (3).jpg
images/01. Canecas/P00015,Tecnico em Efermagem 01 (1).jpg
images/01. Canecas/P00015,Tecnico em Efermagem 01 (4).jpg
images/01. Canecas/P00015,Titulo e Descrição.txt
images/01. Canecas/P00015,Tecnico em Efermagem 01 (2).jpg
images/01. Canecas/P00015,Tecnico em Efermagem 01 (3)~1.jpg
images/01. Canecas/P00485,Caneca Preta 05 1.png
images/01. Canecas/P00485,Caneca Preta 05.png
images/01. Canecas/P00485,Titulo e Descrição.txt
images/01. Canecas/P00218,C (14).jpg
images/01. Canecas/P00218,B (14).jpg
images/01. Canecas/P00218,Titulo e Descrição.txt
images/01. Canecas/P00218,A (14).jpg
images/01. Canecas/E00012,Nossa Senhora do Perpeto (1).jpg
images/01. Canecas/E00012,Nossa Senhora do Perpeto (3).jpg
images/01. Canecas/E00012,Nossa Senhora do Perpeto (2).jpg
images/01. Canecas/P00046,Educação Física (3).jpg
images/01. Canecas/P00046,Educação Física (2).jpg
images/01. Canecas/P00046,Titulo e Descrição.txt
images/01. Canecas/P00046,Educação Física (1).jpg
images/01. Canecas/P00084,0014 - Copia (3).jpg
images/01. Canecas/P00084,0014 - Copia (2).jpg
images/01. Canecas/P00084,0014 - Copia.jpg
images/01. Canecas/P00084,Titulo e Descrição.txt
images/01. Canecas/P00070,0001 - Copia.jpg
images/01. Canecas/P00070,0001 - Copia (2).jpg
images/01. Canecas/P00070,Titulo e Descrição.txt
images/01. Canecas/P00070,0001 - Copia (3).jpg
images/01. Canecas/E00024,São Bento (3).jpg
images/01. Canecas/E00024,São Bento (2).jpg
images/01. Canecas/E00024,São Bento (1).jpg
images/01. Canecas/P00048,Engenharia Cívil (1).jpg
images/01. Canecas/P00048,Titulo e Descrição.txt
images/01. Canecas/P00048,Engenharia Cívil (3).jpg
images/01. Canecas/P00048,Engenharia Cívil (2).jpg
images/01. Canecas/P00077,0008 - Copia.jpg
images/01. Canecas/P00077,Titulo e Descrição.txt
images/01. Canecas/P00077,0008 - Copia (2).jpg
images/01. Canecas/P00077,0008 - Copia (3).jpg
images/01. Canecas/P00083,0013 - Copia (2).jpg
images/01. Canecas/P00083,0013 - Copia (3).jpg
images/01. Canecas/P00083,Titulo e Descrição.txt
images/01. Canecas/P00083,0013 - Copia.jpg
images/01. Canecas/P00484,Caneca preta logo.png
images/01. Canecas/P00484,Caneca preta logo 3.png
images/01. Canecas/P00484,Caneca preta logo 2.png
images/01. Canecas/P00484,Titulo e Descrição.txt
images/01. Canecas/P00014,Educação Física 01 (2).jpg
images/01. Canecas/P00014,Educação Física 01 (3)~1.jpg
images/01. Canecas/P00014,Educação Física 01 (4).jpg
images/01. Canecas/P00014,Titulo e Descrição.txt
images/01. Canecas/P00014,Educação Física 01 (1).jpg
images/01. Canecas/E00078,C (24).jpg
images/01. Canecas/E00078,B (24).jpg
images/01. Canecas/E00078,A (24).jpg
images/01. Canecas/P00226,A (10).jpg
images/01. Canecas/P00226,Titulo e Descrição.txt
images/01. Canecas/P00226,C (10).jpg
images/01. Canecas/P00226,B (10).jpg
images/01. Canecas/P00219,A (2).jpg
images/01. Canecas/P00219,Titulo e Descrição.txt
images/01. Canecas/P00219,B (2).jpg
images/01. Canecas/P00219,C (2).jpg
images/01. Canecas/P00477,Caneca 100ml 2 (1) 002 1.jpg
images/01. Canecas/P00477,Caneca 100ml 2 (1) 002 2.jpg
images/01. Canecas/P00477,Titulo e Descrição.txt
images/01. Canecas/P00477,Caneca 100ml 2 (1) 002.jpg
images/01. Canecas/P00221,B (4).jpg
images/01. Canecas/P00221,Titulo e Descrição.txt
images/01. Canecas/P00221,C (4).jpg
images/01. Canecas/P00221,A (4).jpg
images/01. Canecas/P00013,Economia 01 (2).jpg
images/01. Canecas/P00013,Economia 01 (3)~1.jpg
images/01. Canecas/P00013,Economia 01 (4).jpg
images/01. Canecas/P00013,Titulo e Descrição.txt
images/01. Canecas/P00013,Economia 01 (1).jpg
images/01. Canecas/P00217,C (1).jpg
images/01. Canecas/P00217,B (1).jpg
images/01. Canecas/P00217,A (1).jpg
images/01. Canecas/P00217,Titulo e Descrição.txt
images/01. Canecas/P00025,Educação Física 01 (2).jpg
images/01. Canecas/P00025,Educação Física 01 (3)~1.jpg
images/01. Canecas/P00025,Educação Física 01 (4).jpg
images/01. Canecas/P00025,Titulo e Descrição.txt
images/01. Canecas/P00025,Educação Física 01 (1).jpg
images/01. Canecas/E00076,B (42).jpg
images/01. Canecas/E00076,C (42).jpg
images/01. Canecas/E00076,A (42).jpg
images/01. Canecas/E00082,A (6).jpg
images/01. Canecas/E00082,B (6).jpg
images/01. Canecas/E00082,C (6).jpg
images/01. Canecas/P00022,Manicure 01 (1).jpg
images/01. Canecas/P00022,Manicure 01 (2).jpg
images/01. Canecas/P00022,Titulo e Descrição.txt
images/01. Canecas/P00022,Manicure 01 (4).jpg
images/01. Canecas/P00022,Manicure 01 (3)~1.jpg
images/01. Canecas/P00210,Sistema de Informação (1).jpg
images/01. Canecas/P00210,Titulo e Descrição.txt
images/01. Canecas/P00210,Sistema de Informação (4).jpg
images/01. Canecas/P00210,Sistema de Informação (3).jpg
images/01. Canecas/P00210,Sistema de Informação (2).jpg
images/01. Canecas/E00085,C (35).jpg
images/01. Canecas/E00085,B (35).jpg
images/01. Canecas/E00085,A (35).jpg
images/01. Canecas/E00025,São Cosme e Damião (2).jpg
images/01. Canecas/E00025,São Cosme e Damião (3).jpg
images/01. Canecas/E00025,São Cosme e Damião (1).jpg
images/01. Canecas/P00082,0012 - Copia.jpg
images/01. Canecas/P00082,0012 - Copia (3).jpg
images/01. Canecas/P00082,0012 - Copia (2).jpg
images/01. Canecas/P00082,Titulo e Descrição.txt
images/01. Canecas/P00076,0007 - Copia.jpg
images/01. Canecas/P00076,Titulo e Descrição.txt
images/01. Canecas/P00076,0007 - Copia (2).jpg
images/01. Canecas/P00076,0007 - Copia (3).jpg
images/01. Canecas/E00022,Santo Expedito (1).jpg
images/01. Canecas/E00022,Santo Expedito (3).jpg
images/01. Canecas/E00022,Santo Expedito (2).jpg
images/01. Canecas/P00071,0002 - Copia (3).jpg
images/01. Canecas/P00071,0002 - Copia.jpg
images/01. Canecas/P00071,0002 - Copia (2).jpg
images/01. Canecas/P00071,Titulo e Descrição.txt
images/01. Canecas/P00085,0015 - Copia (2).jpg
images/01. Canecas/P00085,0015 - Copia (3).jpg
images/01. Canecas/P00085,Titulo e Descrição.txt
images/01. Canecas/P00085,0015 - Copia.jpg
images/01. Canecas/E00014,Santa Edwirges (1).jpg
images/01. Canecas/E00014,Santa Edwirges (3).jpg
images/01. Canecas/E00014,Santa Edwirges (2).jpg
images/01. Canecas/P00078,0009 - Copia (3).jpg
images/01. Canecas/P00078,Titulo e Descrição.txt
images/01. Canecas/P00078,0009 - Copia (2).jpg
images/01. Canecas/P00078,0009 - Copia.jpg
images/01. Canecas/P00047,Enfermeiro (3).jpg
images/01. Canecas/P00047,Enfermeiro (2).jpg
images/01. Canecas/P00047,Enfermeiro (1).jpg
images/01. Canecas/P00047,Titulo e Descrição.txt
images/01. Canecas/E00013,Padre Pio (1).jpg
images/01. Canecas/E00013,Padre Pio (3).jpg
images/01. Canecas/E00013,Padre Pio (2).jpg
images/01. Canecas/P00132,Bioquimica (1).jpg
images/01. Canecas/P00132,Bioquimica (3).jpg
images/01. Canecas/P00132,Titulo e Descrição.txt
images/01. Canecas/P00132,Bioquimica (2).jpg
images/01. Canecas/P00135,Enfermagem (1).jpg
images/01. Canecas/P00135,Titulo e Descrição.txt
images/01. Canecas/P00135,Enfermagem (2).jpg
images/01. Canecas/P00135,Enfermagem (3).jpg
images/01. Canecas/P00103,B (13).jpg
images/01. Canecas/P00103,C (13).jpg
images/01. Canecas/P00103,A (13).jpg
images/01. Canecas/P00103,Titulo e Descrição.txt
images/01. Canecas/P00104,B (12).jpg
images/01. Canecas/P00104,C (12).jpg
images/01. Canecas/P00104,Titulo e Descrição.txt
images/01. Canecas/P00104,A (12).jpg
images/01. Canecas/E00103,C (25).jpg
images/01. Canecas/E00103,B (25).jpg
images/01. Canecas/E00103,A (25).jpg
images/01. Canecas/P00195,Economia (4).jpg
images/01. Canecas/P00195,Economia (2).jpg
images/01. Canecas/P00195,Economia (3).jpg
images/01. Canecas/P00195,Titulo e Descrição.txt
images/01. Canecas/P00195,Economia (1).jpg
images/01. Canecas/P00161,Contador (4).jpg
images/01. Canecas/P00161,Contador (2).jpg
images/01. Canecas/P00161,Contador (3).jpg
images/01. Canecas/P00161,Titulo e Descrição.txt
images/01. Canecas/P00161,Contador (1).jpg
images/01. Canecas/P00159,Biologia (1).jpg
images/01. Canecas/P00159,Biologia (2).jpg
images/01. Canecas/P00159,Titulo e Descrição.txt
images/01. Canecas/P00159,Biologia (3).jpg
images/01. Canecas/P00159,Biologia (4).jpg
images/01. Canecas/P00166,Enfermeira (1).jpg
images/01. Canecas/P00166,Titulo e Descrição.txt
images/01. Canecas/P00166,Enfermeira (4).jpg
images/01. Canecas/P00166,Enfermeira (3).jpg
images/01. Canecas/P00166,Enfermeira (2).jpg
images/01. Canecas/P00192,Contabilidade (2).jpg
images/01. Canecas/P00192,Contabilidade (3).jpg
images/01. Canecas/P00192,Contabilidade (4).jpg
images/01. Canecas/P00192,Titulo e Descrição.txt
images/01. Canecas/P00192,Contabilidade (1).jpg
images/01. Canecas/P00105,A (11).jpg
images/01. Canecas/P00105,Titulo e Descrição.txt
images/01. Canecas/P00105,C (11).jpg
images/01. Canecas/P00105,B (11).jpg
images/01. Canecas/P00102,C (14).jpg
images/01. Canecas/P00102,B (14).jpg
images/01. Canecas/P00102,Titulo e Descrição.txt
images/01. Canecas/P00102,A (14).jpg
images/01. Canecas/P00134,Ed Fisica (3).jpg
images/01. Canecas/P00134,Ed Fisica (2).jpg
images/01. Canecas/P00134,Titulo e Descrição.txt
images/01. Canecas/P00134,Ed Fisica (1).jpg
images/01. Canecas/P00158,Barbeiro 01 (4).jpg
images/01. Canecas/P00158,Barbeiro 01 (3).jpg
images/01. Canecas/P00158,Barbeiro 01 (2).jpg
images/01. Canecas/P00158,Barbeiro 01 (1).jpg
images/01. Canecas/P00158,Titulo e Descrição.txt
images/01. Canecas/P00193,Odontologia (1).jpg
images/01. Canecas/P00193,Odontologia (2).jpg
images/01. Canecas/P00193,Titulo e Descrição.txt
images/01. Canecas/P00193,Odontologia (3).jpg
images/01. Canecas/P00193,Odontologia (4).jpg
images/01. Canecas/P00167,Engenheira (3).jpg
images/01. Canecas/P00167,Engenheira (2).jpg
images/01. Canecas/P00167,Engenheira (4).jpg
images/01. Canecas/P00167,Titulo e Descrição.txt
images/01. Canecas/P00167,Engenheira (1).jpg
images/01. Canecas/P00194,Diretor (1).jpg
images/01. Canecas/P00194,Titulo e Descrição.txt
images/01. Canecas/P00194,Diretor (4).jpg
images/01. Canecas/P00194,Diretor (3).jpg
images/01. Canecas/P00194,Diretor (2).jpg
images/01. Canecas/P00169,Farmaceutico (2).jpg
images/01. Canecas/P00169,Farmaceutico (3).jpg
images/01. Canecas/P00169,Farmaceutico (4).jpg
images/01. Canecas/P00169,Titulo e Descrição.txt
images/01. Canecas/P00169,Farmaceutico (1).jpg
images/01. Canecas/P00187,Agronomia (3).jpg
images/01. Canecas/P00187,Agronomia (2).jpg
images/01. Canecas/P00187,Agronomia (4).jpg
images/01. Canecas/P00187,Titulo e Descrição.txt
images/01. Canecas/P00187,Agronomia (1).jpg
images/01. Canecas/P00173,Manicure 01 (1).jpg
images/01. Canecas/P00173,Manicure 01 (2).jpg
images/01. Canecas/P00173,Titulo e Descrição.txt
images/01. Canecas/P00173,Manicure 01 (3).jpg
images/01. Canecas/P00173,Manicure 01 (4).jpg
images/01. Canecas/P00174,Médico 01 (1).jpg
images/01. Canecas/P00174,Médico 01 (4).jpg
images/01. Canecas/P00174,Titulo e Descrição.txt
images/01. Canecas/P00174,Médico 01 (2).jpg
images/01. Canecas/P00174,Médico 01 (3).jpg
images/01. Canecas/P00180,Psicologa (4).jpg
images/01. Canecas/P00180,Psicologa (3).jpg
images/01. Canecas/P00180,Psicologa (2).jpg
images/01. Canecas/P00180,Psicologa (1).jpg
images/01. Canecas/P00180,Titulo e Descrição.txt
images/01. Canecas/E00111,A (37).jpg
images/01. Canecas/E00111,B (37).jpg
images/01. Canecas/E00111,C (37).jpg
images/01. Canecas/P00189,Analista (4).jpg
images/01. Canecas/P00189,Analista (2).jpg
images/01. Canecas/P00189,Analista (3).jpg
images/01. Canecas/P00189,Titulo e Descrição.txt
images/01. Canecas/P00189,Analista (1).jpg
images/01. Canecas/P00111,B (4).jpg
images/01. Canecas/P00111,Titulo e Descrição.txt
images/01. Canecas/P00111,C (4).jpg
images/01. Canecas/P00111,A (4).jpg
images/01. Canecas/P00116,Recem Casados (2).jpg
images/01. Canecas/P00116,Recem Casados (3).jpg
images/01. Canecas/P00116,Titulo e Descrição.txt
images/01. Canecas/P00116,Recem Casados (1).jpg
images/01. Canecas/P00120,Futebol (2).jpg
images/01. Canecas/P00120,Futebol (3).jpg
images/01. Canecas/P00120,Titulo e Descrição.txt
images/01. Canecas/P00120,Futebol (1).jpg
images/01. Canecas/P00118,Enfermeira (1).jpg
images/01. Canecas/P00118,Titulo e Descrição.txt
images/01. Canecas/P00118,Enfermeira (3).jpg
images/01. Canecas/P00118,Enfermeira (2).jpg
images/01. Canecas/P00127,Biomedicina (1).jpg
images/01. Canecas/P00127,Titulo e Descrição.txt
images/01. Canecas/P00127,Biomedicina (2).jpg
images/01. Canecas/P00127,Biomedicina (3).jpg
images/01. Canecas/P00144,Nutrição (3).jpg
images/01. Canecas/P00144,Nutrição (2).jpg
images/01. Canecas/P00144,Nutrição (1).jpg
images/01. Canecas/P00144,Titulo e Descrição.txt
images/01. Canecas/P00143,Medicina (2).jpg
images/01. Canecas/P00143,Medicina (3).jpg
images/01. Canecas/P00143,Titulo e Descrição.txt
images/01. Canecas/P00143,Medicina (1).jpg
images/01. Canecas/P00188,Arquitetura (2).jpg
images/01. Canecas/P00188,Arquitetura (3).jpg
images/01. Canecas/P00188,Arquitetura (4).jpg
images/01. Canecas/P00188,Titulo e Descrição.txt
images/01. Canecas/P00188,Arquitetura (1).jpg
images/01. Canecas/E00110,A (21).jpg
images/01. Canecas/E00110,C (21).jpg
images/01. Canecas/E00110,B (21).jpg
images/01. Canecas/P00181,RH 01 (4).jpg
images/01. Canecas/P00181,RH 01 (2).jpg
images/01. Canecas/P00181,RH 01 (3).jpg
images/01. Canecas/P00181,Titulo e Descrição.txt
images/01. Canecas/P00181,RH 01 (1).jpg
images/01. Canecas/P00175,Nutricionista (1).jpg
images/01. Canecas/P00175,Nutricionista (2).jpg
images/01. Canecas/P00175,Titulo e Descrição.txt
images/01. Canecas/P00175,Nutricionista (3).jpg
images/01. Canecas/P00175,Nutricionista (4).jpg
images/01. Canecas/P00172,Jornalista 01 (1).jpg
images/01. Canecas/P00172,Jornalista 01 (2).jpg
images/01. Canecas/P00172,Titulo e Descrição.txt
images/01. Canecas/P00172,Jornalista 01 (3).jpg
images/01. Canecas/P00172,Jornalista 01 (4).jpg
images/01. Canecas/P00186,Direito (1).jpg
images/01. Canecas/P00186,Direito (4).jpg
images/01. Canecas/P00186,Titulo e Descrição.txt
images/01. Canecas/P00186,Direito (2).jpg
images/01. Canecas/P00186,Direito (3).jpg
images/01. Canecas/P00119,Engenheiro (1).jpg
images/01. Canecas/P00119,Engenheiro (3).jpg
images/01. Canecas/P00119,Engenheiro (2).jpg
images/01. Canecas/P00119,Titulo e Descrição.txt
images/01. Canecas/P00126,Arquitetura (2).jpg
images/01. Canecas/P00126,Arquitetura (3).jpg
images/01. Canecas/P00126,Titulo e Descrição.txt
images/01. Canecas/P00126,Arquitetura (1).jpg
images/01. Canecas/P00128,Biologia (1).jpg
images/01. Canecas/P00128,Biologia (2).jpg
images/01. Canecas/P00128,Titulo e Descrição.txt
images/01. Canecas/P00128,Biologia (3).jpg
images/01. Canecas/P00117,Chefe de Cozinha (1).jpg
images/01. Canecas/P00117,Chefe de Cozinha (2).jpg
images/01. Canecas/P00117,Titulo e Descrição.txt
images/01. Canecas/P00117,Chefe de Cozinha (3).jpg
images/01. Canecas/P00110,C (5).jpg
images/01. Canecas/P00110,Titulo e Descrição.txt
images/01. Canecas/P00110,B (5).jpg
images/01. Canecas/P00110,A (5).jpg
images/01. Canecas/P00096,0027 - Copia (2).jpg
images/01. Canecas/P00096,0027 - Copia (3).jpg
images/01. Canecas/P00096,Titulo e Descrição.txt
images/01. Canecas/P00096,0027 - Copia.jpg
images/01. Canecas/E00009,Nossa Senhora de Guadalupe (3).jpg
images/01. Canecas/E00009,Nossa Senhora de Guadalupe (2).jpg
images/01. Canecas/E00009,Nossa Senhora de Guadalupe (1).jpg
images/01. Canecas/P00065,Veterinário (2).jpg
images/01. Canecas/P00065,Veterinário (3).jpg
images/01. Canecas/P00065,Titulo e Descrição.txt
images/01. Canecas/P00065,Veterinário (1).jpg
images/01. Canecas/E00036,São Roque (3).jpg
images/01. Canecas/E00036,São Roque (2).jpg
images/01. Canecas/E00036,São Roque (1).jpg
images/01. Canecas/P00098,0029 - Copia.jpg
images/01. Canecas/P00098,0029 - Copia (3).jpg
images/01. Canecas/P00098,0029 - Copia (2).jpg
images/01. Canecas/P00098,Titulo e Descrição.txt
images/01. Canecas/P00054,Manicure (1).jpg
images/01. Canecas/P00054,Titulo e Descrição.txt
images/01. Canecas/P00054,Manicure (2).jpg
images/01. Canecas/P00054,Manicure (3).jpg
images/01. Canecas/E00007,Nossa Senhora Camargo (3).jpg
images/01. Canecas/E00007,Nossa Senhora Camargo (2).jpg
images/01. Canecas/E00007,Nossa Senhora Camargo (1).jpg
images/01. Canecas/E00098,A (11).jpg
images/01. Canecas/E00098,C (11).jpg
images/01. Canecas/E00098,B (11).jpg
images/01. Canecas/P00007,Bancário 01 (4).jpg
images/01. Canecas/P00007,Bancário 01 (2).jpg
images/01. Canecas/P00007,Bancário 01 (3)~1.jpg
images/01. Canecas/P00007,Bancário 01 (1).jpg
images/01. Canecas/P00007,Titulo e Descrição.txt
images/01. Canecas/E00096,A (7).jpg
images/01. Canecas/E00096,C (7).jpg
images/01. Canecas/E00096,B (7).jpg
images/01. Canecas/P00031,Redes Sociais 01 (2).jpg
images/01. Canecas/P00031,Redes Sociais 01 (3)~1.jpg
images/01. Canecas/P00031,Redes Sociais 01 (4).jpg
images/01. Canecas/P00031,Titulo e Descrição.txt
images/01. Canecas/P00031,Redes Sociais 01 (1).jpg
images/01. Canecas/P00203,Jornalismo (1).jpg
images/01. Canecas/P00203,Jornalismo (3).jpg
images/01. Canecas/P00203,Titulo e Descrição.txt
images/01. Canecas/P00203,Jornalismo (2).jpg
images/01. Canecas/P00203,Jornalismo (4).jpg
images/01. Canecas/E00091,C (14).jpg
images/01. Canecas/E00091,B (14).jpg
images/01. Canecas/E00091,A (14).jpg
images/01. Canecas/P00009,Cabeleireira 01 (3)~1.jpg
images/01. Canecas/P00009,Cabeleireira 01 (2).jpg
images/01. Canecas/P00009,Cabeleireira 01 (4).jpg
images/01. Canecas/P00009,Titulo e Descrição.txt
images/01. Canecas/P00009,Cabeleireira 01 (1).jpg
images/01. Canecas/P00204,Logística (4).jpg
images/01. Canecas/P00204,Logística (3).jpg
images/01. Canecas/P00204,Logística (2).jpg
images/01. Canecas/P00204,Logística (1).jpg
images/01. Canecas/P00204,Titulo e Descrição.txt
images/01. Canecas/P00036,Advogado (3).jpg
images/01. Canecas/P00036,Advogado (2).jpg
images/01. Canecas/P00036,Titulo e Descrição.txt
images/01. Canecas/P00036,Advogado (1).jpg
images/01. Canecas/P00055,Medicina (2).jpg
images/01. Canecas/P00055,Medicina (3).jpg
images/01. Canecas/P00055,Titulo e Descrição.txt
images/01. Canecas/P00055,Medicina (1).jpg
images/01. Canecas/E00006,Nossa Senhora (3).jpg
images/01. Canecas/E00006,Nossa Senhora (2).jpg
images/01. Canecas/E00006,Nossa Senhora (1).jpg
images/01. Canecas/E00001,Divino Espirito Santo (3).jpg
images/01. Canecas/E00001,Divino Espirito Santo (2).jpg
images/01. Canecas/E00001,Divino Espirito Santo (1).jpg
images/01. Canecas/P00090,0023 - Copia.jpg
images/01. Canecas/P00090,Titulo e Descrição.txt
images/01. Canecas/P00090,0023 - Copia (2).jpg
images/01. Canecas/P00090,0023 - Copia (3).jpg
images/01. Canecas/E00008,Nossa Senhora de Fátima (3).jpg
images/01. Canecas/E00008,Nossa Senhora de Fátima (2).jpg
images/01. Canecas/E00008,Nossa Senhora de Fátima (1).jpg
images/01. Canecas/E00037,São Sebastião (1).jpg
images/01. Canecas/E00037,São Sebastião (3).jpg
images/01. Canecas/E00037,São Sebastião (2).jpg
images/01. Canecas/P00097,0028 - Copia (2).jpg
images/01. Canecas/P00097,0028 - Copia (3).jpg
images/01. Canecas/P00097,Titulo e Descrição.txt
images/01. Canecas/P00097,0028 - Copia.jpg
images/01. Canecas/P00008,Biomedicina 01 (4).jpg
images/01. Canecas/P00008,Biomedicina 01 (2).jpg
images/01. Canecas/P00008,Titulo e Descrição.txt
images/01. Canecas/P00008,Biomedicina 01 (1).jpg
images/01. Canecas/P00008,Biomedicina 01 (3)~1.jpg
images/01. Canecas/E00090,C (1).jpg
images/01. Canecas/E00090,B (1).jpg
images/01. Canecas/E00090,A (1).jpg
images/01. Canecas/P00205,Medicina (4).jpg
images/01. Canecas/P00205,Medicina (2).jpg
images/01. Canecas/P00205,Medicina (3).jpg
images/01. Canecas/P00205,Titulo e Descrição.txt
images/01. Canecas/P00205,Medicina (1).jpg
images/01. Canecas/P00202,Fonoaudiologia (1).jpg
images/01. Canecas/P00202,Fonoaudiologia (2).jpg
images/01. Canecas/P00202,Titulo e Descrição.txt
images/01. Canecas/P00202,Fonoaudiologia (3).jpg
images/01. Canecas/P00202,Fonoaudiologia (4).jpg
images/01. Canecas/P00030,Terapeuta Ocupacional (2).jpg
images/01. Canecas/P00030,Terapeuta Ocupacional (4).jpg
images/01. Canecas/P00030,Titulo e Descrição.txt
images/01. Canecas/P00030,Terapeuta Ocupacional (1).jpg
images/01. Canecas/P00030,Terapeuta Ocupacional (3)~1.jpg
images/01. Canecas/P00006,Arquitetura (2).jpg
images/01. Canecas/P00006,Arquitetura (4).jpg
images/01. Canecas/P00006,Titulo e Descrição.txt
images/01. Canecas/P00006,Arquitetura (3)~1.jpg
images/01. Canecas/P00006,Arquitetura (1).jpg
images/01. Canecas/P00001,01 - Caneca Personalizada Com Caricatura Envio Rápido 325ml (2).jpg
images/01. Canecas/P00001,01 - Caneca Personalizada Com Caricatura Envio Rápido 325ml (3).jpg
images/01. Canecas/P00001,Titulo e Descrição.txt
images/01. Canecas/P00001,01 - Caneca Personalizada Com Caricatura Envio Rápido 325ml (1).jpg
images/01. Canecas/E00099,A (10).jpg
images/01. Canecas/E00099,C (10).jpg
images/01. Canecas/E00099,B (10).jpg
images/01. Canecas/E00016,Santa Maria (3).jpg
images/01. Canecas/E00016,Santa Maria (2).jpg
images/01. Canecas/E00016,Santa Maria (1).jpg
images/01. Canecas/E00029,São Geraldo (1).jpg
images/01. Canecas/E00029,São Geraldo (2).jpg
images/01. Canecas/E00029,São Geraldo (3).jpg
images/01. Canecas/E00011,Nossa Senhora do Carmo (3).jpg
images/01. Canecas/E00011,Nossa Senhora do Carmo (2).jpg
images/01. Canecas/E00011,Nossa Senhora do Carmo (1).jpg
images/01. Canecas/P00089,0022 - Copia (3).jpg
images/01. Canecas/P00089,0022 - Copia (2).jpg
images/01. Canecas/P00089,Titulo e Descrição.txt
images/01. Canecas/P00089,0022 - Copia.jpg
images/01. Canecas/P00042,Contador (2).jpg
images/01. Canecas/P00042,Contador (3).jpg
images/01. Canecas/P00042,Titulo e Descrição.txt
images/01. Canecas/P00042,Contador (1).jpg
images/01. Canecas/E00027,São Francisco de Assis (1).jpg
images/01. Canecas/E00027,São Francisco de Assis (2).jpg
images/01. Canecas/E00027,São Francisco de Assis (3).jpg
images/01. Canecas/P00080,0017 - Copia.jpg
images/01. Canecas/P00080,0017 - Copia (2).jpg
images/01. Canecas/P00080,Titulo e Descrição.txt
images/01. Canecas/P00080,0017 - Copia (3).jpg
images/01. Canecas/P00087,Titulo e Descrição.txt
images/01. Canecas/P00087,0019 - Copia (3).jpg
images/01. Canecas/P00087,0019 - Copia.jpg
images/01. Canecas/P00087,0019 - Copia (2).jpg
images/01. Canecas/P00073,0003 - Copia (2).jpg
images/01. Canecas/P00073,0003 - Copia (3).jpg
images/01. Canecas/P00073,0003 - Copia.jpg
images/01. Canecas/P00073,Titulo e Descrição.txt
images/01. Canecas/P00215,Veterinária (1).jpg
images/01. Canecas/P00215,Veterinária (2).jpg
images/01. Canecas/P00215,Titulo e Descrição.txt
images/01. Canecas/P00215,Veterinária (3).jpg
images/01. Canecas/P00215,Veterinária (4).jpg
images/01. Canecas/P00027,Professor 01 (2).jpg
images/01. Canecas/P00027,Professor 01 (3)~1.jpg
images/01. Canecas/P00027,Professor 01 (4).jpg
images/01. Canecas/P00027,Titulo e Descrição.txt
images/01. Canecas/P00027,Professor 01 (1).jpg
images/01. Canecas/E00080,A (2).jpg
images/01. Canecas/E00080,B (2).jpg
images/01. Canecas/E00080,C (2).jpg
images/01. Canecas/P00018,Amor 01 (1).jpg
images/01. Canecas/P00018,Amor 01 (3)~1.jpg
images/01. Canecas/P00018,Amor 01 (4).jpg
images/01. Canecas/P00018,Titulo e Descrição.txt
images/01. Canecas/P00018,Amor 01 (2).jpg
images/01. Canecas/P00020,Fonoaudiologia 01 (4).jpg
images/01. Canecas/P00020,Fonoaudiologia 01 (2).jpg
images/01. Canecas/P00020,Fonoaudiologia 01 (3)~1.jpg
images/01. Canecas/P00020,Fonoaudiologia 01 (1).jpg
images/01. Canecas/P00020,Titulo e Descrição.txt
images/01. Canecas/P00212,Serviço Social (1).jpg
images/01. Canecas/P00212,Titulo e Descrição.txt
images/01. Canecas/P00212,Serviço Social (4).jpg
images/01. Canecas/P00212,Serviço Social (3).jpg
images/01. Canecas/P00212,Serviço Social (2).jpg
images/01. Canecas/E00087,A (36).jpg
images/01. Canecas/E00087,B (36).jpg
images/01. Canecas/E00087,C (36).jpg
images/01. Canecas/P00016,Engenharia Cívil MASC 01 (3)~1.jpg
images/01. Canecas/P00016,Engenharia Cívil MASC 01 (2).jpg
images/01. Canecas/P00016,Engenharia Cívil MASC 01 (4).jpg
images/01. Canecas/P00016,Titulo e Descrição.txt
images/01. Canecas/P00016,Engenharia Cívil MASC 01 (1).jpg
images/01. Canecas/P00224,B (8).jpg
images/01. Canecas/P00224,Titulo e Descrição.txt
images/01. Canecas/P00224,C (8).jpg
images/01. Canecas/P00224,A (8).jpg
images/01. Canecas/P00486,Caneca Preta 04.png
images/01. Canecas/P00486,Caneca preta logo 2.png
images/01. Canecas/P00486,Caneca Preta 02.png
images/01. Canecas/P00486,Titulo e Descrição.txt
images/01. Canecas/P00029,Psicologia 01 (2).jpg
images/01. Canecas/P00029,Psicologia 01 (4).jpg
images/01. Canecas/P00029,Psicologia 01 (3)~1.jpg
images/01. Canecas/P00029,Titulo e Descrição.txt
images/01. Canecas/P00029,Psicologia 01 (1).jpg
images/01. Canecas/E00089,A (30).jpg
images/01. Canecas/E00089,C (30).jpg
images/01. Canecas/E00089,B (30).jpg
images/01. Canecas/P00481,Titulo e Descrição.txt
images/01. Canecas/P00481,WhatsApp Image 2024-09-09 at 15.39.10.jpeg
images/01. Canecas/P00481,WhatsApp Image 2024-09-09 at 15.39.10 (1).jpeg
images/01. Canecas/P00475,Caneca 100ml 2 (1) 003 3.jpg
images/01. Canecas/P00475,Caneca 100ml 2 (1) 003 2.jpg
images/01. Canecas/P00475,Titulo e Descrição.txt
images/01. Canecas/P00475,Caneca 100ml 2 (1) 003.jpg
images/01. Canecas/P00223,A (7).jpg
images/01. Canecas/P00223,C (7).jpg
images/01. Canecas/P00223,B (7).jpg
images/01. Canecas/P00223,Titulo e Descrição.txt
images/01. Canecas/P00011,Odontologia 01 (6).jpg
images/01. Canecas/P00011,Odontologia 01 (7)~1.jpg
images/01. Canecas/P00011,Titulo e Descrição.txt
images/01. Canecas/P00011,Odontologia 01 (8).jpg
images/01. Canecas/P00011,Odontologia 01 (5).jpg
images/01. Canecas/E00021,Santo Antonio (1).jpg
images/01. Canecas/E00021,Santo Antonio (2).jpg
images/01. Canecas/E00021,Santo Antonio (3).jpg
images/01. Canecas/P00086,0018 - Copia.jpg
images/01. Canecas/P00086,0018 - Copia (2).jpg
images/01. Canecas/P00086,0018 - Copia (3).jpg
images/01. Canecas/P00086,Titulo e Descrição.txt
images/01. Canecas/P00081,0010 - Copia (3).jpg
images/01. Canecas/P00081,Titulo e Descrição.txt
images/01. Canecas/P00081,0010 - Copia (2).jpg
images/01. Canecas/P00081,0010 - Copia.jpg
images/01. Canecas/E00019,Santa Terezinha (2).jpg
images/01. Canecas/E00019,Santa Terezinha (3).jpg
images/01. Canecas/E00019,Santa Terezinha (1).jpg
images/01. Canecas/P00088,0021 - Copia (2).jpg
images/01. Canecas/P00088,0021 - Copia (3).jpg
images/01. Canecas/P00088,Titulo e Descrição.txt
images/01. Canecas/P00088,0021 - Copia.jpg
images/01. Canecas/E00010,Nossa Senhora de Nazaré (3).jpg
images/01. Canecas/E00010,Nossa Senhora de Nazaré (2).jpg
images/01. Canecas/E00010,Nossa Senhora de Nazaré (1).jpg
images/01. Canecas/P00043,Dentista (1).jpg
images/01. Canecas/P00043,Titulo e Descrição.txt
images/01. Canecas/P00043,Dentista (2).jpg
images/01. Canecas/P00043,Dentista (3).jpg
images/01. Canecas/E00017,Santa Rita (1).jpg
images/01. Canecas/E00017,Santa Rita (3).jpg
images/01. Canecas/E00017,Santa Rita (2).jpg
images/01. Canecas/P00474,Caneca 100ml 2 (1) 001 1.jpg
images/01. Canecas/P00474,Caneca 100ml 2 (1) 001 2.jpg
images/01. Canecas/P00474,Caneca 100ml 2 (1) 001 3.jpg
images/01. Canecas/P00474,Titulo e Descrição.txt
images/01. Canecas/P00474,Caneca 100ml 2 (1) 001.jpg
images/01. Canecas/P00010,Contabilidade 01 (1).jpg
images/01. Canecas/P00010,Titulo e Descrição.txt
images/01. Canecas/P00010,Contabilidade 01 (4).jpg
images/01. Canecas/P00010,Contabilidade 01 (3)~1.jpg
images/01. Canecas/P00010,Contabilidade 01 (2).jpg
images/01. Canecas/P00222,C (5).jpg
images/01. Canecas/P00222,Titulo e Descrição.txt
images/01. Canecas/P00222,B (5).jpg
images/01. Canecas/P00222,A (5).jpg
images/01. Canecas/E00088,B (33).jpg
images/01. Canecas/E00088,C (33).jpg
images/01. Canecas/E00088,A (33).jpg
images/01. Canecas/P00487,Caneca Preta 05 1.png
images/01. Canecas/P00487,Caneca Preta 04.png
images/01. Canecas/P00487,Caneca Preta 01.png
images/01. Canecas/P00487,Titulo e Descrição.txt
images/01. Canecas/P00225,C (9).jpg
images/01. Canecas/P00225,B (9).jpg
images/01. Canecas/P00225,Titulo e Descrição.txt
images/01. Canecas/P00225,A (9).jpg
images/01. Canecas/P00017,Estética 01 (1).jpg
images/01. Canecas/P00017,Titulo e Descrição.txt
images/01. Canecas/P00017,Estética 01 (3)~1.jpg
images/01. Canecas/P00017,Estética 01 (2).jpg
images/01. Canecas/P00017,Estética 01 (4).jpg
images/01. Canecas/P00028,TI 01 (1).jpg
images/01. Canecas/P00028,Titulo e Descrição.txt
images/01. Canecas/P00028,TI 01 (2).jpg
images/01. Canecas/P00028,TI 01 (4).jpg
images/01. Canecas/P00028,TI 01 (3)~1.jpg
images/01. Canecas/P00213,Turismo (1).jpg
images/01. Canecas/P00213,Turismo (2).jpg
images/01. Canecas/P00213,Titulo e Descrição.txt
images/01. Canecas/P00213,Turismo (3).jpg
images/01. Canecas/P00213,Turismo (4).jpg
images/01. Canecas/P00021,Estudante 01 (4).jpg
images/01. Canecas/P00021,Estudante 01 (3)~1.jpg
images/01. Canecas/P00021,Estudante 01 (2).jpg
images/01. Canecas/P00021,Titulo e Descrição.txt
images/01. Canecas/P00021,Estudante 01 (1).jpg
images/01. Canecas/E00086,A (27).jpg
images/01. Canecas/E00086,B (27).jpg
images/01. Canecas/E00086,C (27).jpg
images/01. Canecas/P00026,Psicanalista 01 (3)~1.jpg
images/01. Canecas/P00026,Psicanalista 01 (1).jpg
images/01. Canecas/P00026,Psicanalista 01 (2).jpg
images/01. Canecas/P00026,Titulo e Descrição.txt
images/01. Canecas/P00026,Psicanalista 01 (4).jpg
images/01. Canecas/E00075,A (17).jpg
images/01. Canecas/E00075,B (17).jpg
images/01. Canecas/E00075,C (17).jpg
images/01. Canecas/P00019,Fisioterapia 01 (1).jpg
images/01. Canecas/P00019,Titulo e Descrição.txt
images/01. Canecas/P00019,Fisioterapia 01 (2).jpg
images/01. Canecas/P00019,Fisioterapia 01 (4).jpg
images/01. Canecas/P00019,Fisioterapia 01 (3)~1.jpg
images/01. Canecas/E00081,B (18).jpg
images/01. Canecas/E00081,C (18).jpg
images/01. Canecas/E00081,A (18).jpg
images/01. Canecas/P00154,Administrador 01 (1).jpg
images/01. Canecas/P00154,Titulo e Descrição.txt
images/01. Canecas/P00154,Administrador 01 (4).jpg
images/01. Canecas/P00154,Administrador 01 (3).jpg
images/01. Canecas/P00154,Administrador 01 (2).jpg
images/01. Canecas/P00198,Engenharia Civíl (1).jpg
images/01. Canecas/P00198,Titulo e Descrição.txt
images/01. Canecas/P00198,Engenharia Civíl (4).jpg
images/01. Canecas/P00198,Engenharia Civíl (3).jpg
images/01. Canecas/P00198,Engenharia Civíl (2).jpg
images/01. Canecas/P00153,Veterinária (1).jpg
images/01. Canecas/P00153,Veterinária (2).jpg
images/01. Canecas/P00153,Titulo e Descrição.txt
images/01. Canecas/P00153,Veterinária (3).jpg
images/01. Canecas/E00109,B (23).jpg
images/01. Canecas/E00109,C (23).jpg
images/01. Canecas/E00109,A (23).jpg
images/01. Canecas/P00191,Barbeiro (1).jpg
images/01. Canecas/P00191,Titulo e Descrição.txt
images/01. Canecas/P00191,Barbeiro (4).jpg
images/01. Canecas/P00191,Barbeiro (3).jpg
images/01. Canecas/P00191,Barbeiro (2).jpg
images/01. Canecas/P00196,Educação Física (3).jpg
images/01. Canecas/P00196,Educação Física (2).jpg
images/01. Canecas/P00196,Educação Física (4).jpg
images/01. Canecas/P00196,Titulo e Descrição.txt
images/01. Canecas/P00196,Educação Física (1).jpg
images/01. Canecas/P00162,Dentista Fem 01 (1).jpg
images/01. Canecas/P00162,Titulo e Descrição.txt
images/01. Canecas/P00162,Dentista Fem 01 (4).jpg
images/01. Canecas/P00162,Dentista Fem 01 (3).jpg
images/01. Canecas/P00162,Dentista Fem 01 (2).jpg
images/01. Canecas/P00136,Eng Cívil (1).jpg
images/01. Canecas/P00136,Eng Cívil (3).jpg
images/01. Canecas/P00136,Titulo e Descrição.txt
images/01. Canecas/P00136,Eng Cívil (2).jpg
images/01. Canecas/P00109,A (6).jpg
images/01. Canecas/P00109,B (6).jpg
images/01. Canecas/P00109,C (6).jpg
images/01. Canecas/P00109,Titulo e Descrição.txt
images/01. Canecas/P00131,Odonto (3).jpg
images/01. Canecas/P00131,Odonto (2).jpg
images/01. Canecas/P00131,Odonto (1).jpg
images/01. Canecas/P00131,Titulo e Descrição.txt
images/01. Canecas/P00107,C (9).jpg
images/01. Canecas/P00107,B (8).jpg
images/01. Canecas/P00107,Titulo e Descrição.txt
images/01. Canecas/P00107,C (8).jpg
images/01. Canecas/P00107,A (8).jpg
images/01. Canecas/P00107,A (9).jpg
images/01. Canecas/P00138,Farmacia (3).jpg
images/01. Canecas/P00138,Farmacia (2).jpg
images/01. Canecas/P00138,Farmacia (1).jpg
images/01. Canecas/P00138,Titulo e Descrição.txt
images/01. Canecas/P00100,0033 - Copia.jpg
images/01. Canecas/P00100,0033 - Copia (2).jpg
images/01. Canecas/P00100,Titulo e Descrição.txt
images/01. Canecas/P00100,0033 - Copia (3).jpg
images/01. Canecas/P00197,Enfermagem (1).jpg
images/01. Canecas/P00197,Enfermagem (4).jpg
images/01. Canecas/P00197,Titulo e Descrição.txt
images/01. Canecas/P00197,Enfermagem (2).jpg
images/01. Canecas/P00197,Enfermagem (3).jpg
images/01. Canecas/P00190,Biomedicina (1).jpg
images/01. Canecas/P00190,Biomedicina (4).jpg
images/01. Canecas/P00190,Titulo e Descrição.txt
images/01. Canecas/P00190,Biomedicina (2).jpg
images/01. Canecas/P00190,Biomedicina (3).jpg
images/01. Canecas/E00108,B (32).jpg
images/01. Canecas/E00108,C (32).jpg
images/01. Canecas/E00108,A (32).jpg
images/01. Canecas/P00199,Engenharia de Produção (4).jpg
images/01. Canecas/P00199,Engenharia de Produção (3).jpg
images/01. Canecas/P00199,Engenharia de Produção (2).jpg
images/01. Canecas/P00199,Engenharia de Produção (1).jpg
images/01. Canecas/P00199,Titulo e Descrição.txt
images/01. Canecas/P00155,Advogada (1).jpg
images/01. Canecas/P00155,Advogada (3).jpg
images/01. Canecas/P00155,Titulo e Descrição.txt
images/01. Canecas/P00155,Advogada (2).jpg
images/01. Canecas/P00155,Advogada (4).jpg
images/01. Canecas/P00101,C (15).jpg
images/01. Canecas/P00101,B (15).jpg
images/01. Canecas/P00101,Titulo e Descrição.txt
images/01. Canecas/P00101,A (15).jpg
images/01. Canecas/P00106,A (10).jpg
images/01. Canecas/P00106,Titulo e Descrição.txt
images/01. Canecas/P00106,C (10).jpg
images/01. Canecas/P00106,B (10).jpg
images/01. Canecas/P00108,A (7).jpg
images/01. Canecas/P00108,C (7).jpg
images/01. Canecas/P00108,B (7).jpg
images/01. Canecas/P00108,Titulo e Descrição.txt
images/01. Canecas/P00115,Bombeiro (1).jpg
images/01. Canecas/P00115,Bombeiro (2).jpg
images/01. Canecas/P00115,Bombeiro (3).jpg
images/01. Canecas/P00115,Titulo e Descrição.txt
images/01. Canecas/P00112,Titulo e Descrição.txt
images/01. Canecas/P00112,A (3).jpg
images/01. Canecas/P00112,C (3).jpg
images/01. Canecas/P00112,B (3).jpg
images/01. Canecas/P00123,Administração (3).jpg
images/01. Canecas/P00123,Administração (2).jpg
images/01. Canecas/P00123,Administração (1).jpg
images/01. Canecas/P00123,Titulo e Descrição.txt
images/01. Canecas/P00183,Tec Enfermagem 01 (3).jpg
images/01. Canecas/P00183,Tec Enfermagem 01 (2).jpg
images/01. Canecas/P00183,Tec Enfermagem 01 (4).jpg
images/01. Canecas/P00183,Titulo e Descrição.txt
images/01. Canecas/P00183,Tec Enfermagem 01 (1).jpg
images/01. Canecas/E00112,A (17).jpg
images/01. Canecas/E00112,B (17).jpg
images/01. Canecas/E00112,C (17).jpg
images/01. Canecas/P00122,Policial (3).jpg
images/01. Canecas/P00122,Policial (2).jpg
images/01. Canecas/P00122,Policial (1).jpg
images/01. Canecas/P00122,Titulo e Descrição.txt
images/01. Canecas/P00125,Agronomia (3).jpg
images/01. Canecas/P00125,Agronomia (2).jpg
images/01. Canecas/P00125,Agronomia (3) 1.jpg
images/01. Canecas/P00125,Titulo e Descrição.txt
images/01. Canecas/P00125,Agronomia (1).jpg
images/01. Canecas/P00113,A (2).jpg
images/01. Canecas/P00113,Titulo e Descrição.txt
images/01. Canecas/P00113,B (2).jpg
images/01. Canecas/P00113,C (2).jpg
images/01. Canecas/P00114,Super Chefe (2).jpg
images/01. Canecas/P00114,Super Chefe (3).jpg
images/01. Canecas/P00114,Titulo e Descrição.txt
images/01. Canecas/P00114,Super Chefe (1).jpg
images/01. Canecas/E00113,B (42).jpg
images/01. Canecas/E00113,C (42).jpg
images/01. Canecas/E00113,A (42).jpg
images/01. Canecas/P00178,Professora 01 (1).jpg
images/01. Canecas/P00178,Titulo e Descrição.txt
images/01. Canecas/P00178,Professora 01 (2).jpg
images/01. Canecas/P00178,Professora 01 (3).jpg
images/01. Canecas/P00185,Administração (4).jpg
images/01. Canecas/P00185,Administração (3).jpg
images/01. Canecas/P00185,Administração (2).jpg
images/01. Canecas/P00185,Administração (1).jpg
images/01. Canecas/P00185,Titulo e Descrição.txt
images/01. Canecas/P00182,Secretária 01 (4).jpg
images/01. Canecas/P00182,Secretária 01 (3).jpg
images/01. Canecas/P00182,Secretária 01 (2).jpg
images/01. Canecas/P00182,Secretária 01 (1).jpg
images/01. Canecas/P00182,Titulo e Descrição.txt
images/01. Canecas/P00149,Psicologia (2).jpg
images/01. Canecas/P00149,Psicologia (3).jpg
images/01. Canecas/P00149,Titulo e Descrição.txt
images/01. Canecas/P00149,Psicologia (1).jpg
images/01. Canecas/P00209,Pedagogia (3).jpg
images/01. Canecas/P00209,Pedagogia (2).jpg
images/01. Canecas/P00209,Pedagogia (4).jpg
images/01. Canecas/P00209,Titulo e Descrição.txt
images/01. Canecas/P00209,Pedagogia (1).jpg
images/01. Canecas/P00004,Direito 01 (2).jpg
images/01. Canecas/P00004,Direito 01 (4).jpg
images/01. Canecas/P00004,Direito 01 (3)~1.jpg
images/01. Canecas/P00004,Titulo e Descrição.txt
images/01. Canecas/P00004,Direito 01 (1).jpg
images/01. Canecas/P00003,Administração 01 (1).jpg
images/01. Canecas/P00003,Titulo e Descrição.txt
images/01. Canecas/P00003,Administração 01 (4).jpg
images/01. Canecas/P00003,Administração 01 (3)~1.jpg
images/01. Canecas/P00003,Administração 01 (2).jpg
images/01. Canecas/P00035,Administrador (3).jpg
images/01. Canecas/P00035,Administrador (2).jpg
images/01. Canecas/P00035,Administrador (1).jpg
images/01. Canecas/P00035,Titulo e Descrição.txt
images/01. Canecas/P00207,Gastronomia (1).jpg
images/01. Canecas/P00207,Gastronomia (4).jpg
images/01. Canecas/P00207,Titulo e Descrição.txt
images/01. Canecas/P00207,Gastronomia (2).jpg
images/01. Canecas/P00207,Gastronomia (3).jpg
images/01. Canecas/E00095,B (4).jpg
images/01. Canecas/E00095,C (4).jpg
images/01. Canecas/E00095,A (4).jpg
images/01. Canecas/P00032,Tecnico em Efermagem 01 (1).jpg
images/01. Canecas/P00032,Tecnico em Efermagem 01 (4).jpg
images/01. Canecas/P00032,Titulo e Descrição.txt
images/01. Canecas/P00032,Tecnico em Efermagem 01 (2).jpg
images/01. Canecas/P00032,Tecnico em Efermagem 01 (3)~1.jpg
images/01. Canecas/P00066,Com Logo (2).jpg
images/01. Canecas/P00066,Com Logo (3).jpg
images/01. Canecas/P00066,Titulo e Descrição.txt
images/01. Canecas/P00066,Com Logo (1).jpg
images/01. Canecas/E00035,São Pedro (1).jpg
images/01. Canecas/E00035,São Pedro (3).jpg
images/01. Canecas/E00035,São Pedro (2).jpg
images/01. Canecas/P00059,Professor (2).jpg
images/01. Canecas/P00059,Professor (3).jpg
images/01. Canecas/P00059,Titulo e Descrição.txt
images/01. Canecas/P00059,Professor (1).jpg
images/01. Canecas/P00061,Psicologo (1).jpg
images/01. Canecas/P00061,Titulo e Descrição.txt
images/01. Canecas/P00061,Psicologo (3).jpg
images/01. Canecas/P00061,Psicologo (2).jpg
images/01. Canecas/E00032,São José do Ribamar (3).jpg
images/01. Canecas/E00032,São José do Ribamar (2).jpg
images/01. Canecas/E00032,São José do Ribamar (1).jpg
images/01. Canecas/P00057,Educação Física (3).jpg
images/01. Canecas/P00057,Educação Física (2).jpg
images/01. Canecas/P00057,Titulo e Descrição.txt
images/01. Canecas/P00057,Educação Física (1).jpg
images/01. Canecas/P00068,Com Nome (2).jpg
images/01. Canecas/P00068,Com Nome (3).jpg
images/01. Canecas/P00068,Titulo e Descrição.txt
images/01. Canecas/P00068,Com Nome (1).jpg
images/01. Canecas/E00004,Nossa Senhora D. (1).jpg
images/01. Canecas/E00004,Nossa Senhora D. (2).jpg
images/01. Canecas/E00004,Nossa Senhora D. (3).jpg
images/01. Canecas/E00003,Jesus (2).jpg
images/01. Canecas/E00003,Jesus (3).jpg
images/01. Canecas/E00003,Jesus (1).jpg
images/01. Canecas/P00033,Veterinário 01 (2).jpg
images/01. Canecas/P00033,Veterinário 01 (4).jpg
images/01. Canecas/P00033,Veterinário 01 (3)~1.jpg
images/01. Canecas/P00033,Titulo e Descrição.txt
images/01. Canecas/P00033,Veterinário 01 (1).jpg
images/01. Canecas/P00201,Fotografia (4).jpg
images/01. Canecas/P00201,Fotografia (3).jpg
images/01. Canecas/P00201,Fotografia (2).jpg
images/01. Canecas/P00201,Fotografia (1).jpg
images/01. Canecas/P00201,Titulo e Descrição.txt
images/01. Canecas/E00093,C (15).jpg
images/01. Canecas/E00093,B (15).jpg
images/01. Canecas/E00093,A (15).jpg
images/01. Canecas/P00206,Nutrição (4).jpg
images/01. Canecas/P00206,Nutrição (3).jpg
images/01. Canecas/P00206,Nutrição (2).jpg
images/01. Canecas/P00206,Nutrição (1).jpg
images/01. Canecas/P00206,Titulo e Descrição.txt
images/01. Canecas/P00034,03 - Caneca Magica De Porcelana Personalizada Com Sua Foto (1).jpg
images/01. Canecas/P00034,03 - Caneca Magica De Porcelana Personalizada Com Sua Foto (3).jpg
images/01. Canecas/P00034,03 - Caneca Magica De Porcelana Personalizada Com Sua Foto (2).jpg
images/01. Canecas/P00034,Titulo e Descrição.txt
images/01. Canecas/P00002,Acupuntura 01 (1).jpg
images/01. Canecas/P00002,Acupuntura 01 (4)~1.jpg
images/01. Canecas/P00002,Acupuntura 01 (5).jpg
images/01. Canecas/P00002,Titulo e Descrição.txt
images/01. Canecas/P00002,Acupuntura 01 (2).jpg
images/01. Canecas/P00208,Gestor (4).jpg
images/01. Canecas/P00208,Gestor (2).jpg
images/01. Canecas/P00208,Gestor (3).jpg
images/01. Canecas/P00208,Titulo e Descrição.txt
images/01. Canecas/P00208,Gestor (1).jpg
images/01. Canecas/P00005,Engenharia Ambiental 01 (1).jpg
images/01. Canecas/P00005,Engenharia Ambiental 01 (2).jpg
images/01. Canecas/P00005,Titulo e Descrição.txt
images/01. Canecas/P00005,Engenharia Ambiental 01 (3)~1.jpg
images/01. Canecas/P00005,Engenharia Ambiental 01 (4).jpg
images/01. Canecas/E00002,Irmã Dulce (3).jpg
images/01. Canecas/E00002,Irmã Dulce (2).jpg
images/01. Canecas/E00002,Irmã Dulce (1).jpg
images/01. Canecas/P00056,Nutricionista (1).jpg
images/01. Canecas/P00056,Nutricionista (2).jpg
images/01. Canecas/P00056,Titulo e Descrição.txt
images/01. Canecas/P00056,Nutricionista (3).jpg
images/01. Canecas/E00005,Nossa Senhora das Graças (2).jpg
images/01. Canecas/E00005,Nossa Senhora das Graças (3).jpg
images/01. Canecas/E00005,Nossa Senhora das Graças (1).jpg
images/01. Canecas/P00060,TI (2).jpg
images/01. Canecas/P00060,TI (3).jpg
images/01. Canecas/P00060,Titulo e Descrição.txt
images/01. Canecas/P00060,TI (1).jpg
images/01. Canecas/P00094,0026 - Copia (3).jpg
images/01. Canecas/P00094,0026 - Copia (2).jpg
images/01. Canecas/P00094,0026 - Copia.jpg
images/01. Canecas/P00094,Titulo e Descrição.txt
images/01. Canecas/E00033,São Judas Tadeu (3).jpg
images/01. Canecas/E00033,São Judas Tadeu (2).jpg
images/01. Canecas/E00033,São Judas Tadeu (1).jpg
images/01. Canecas/P00093,0025 - Copia.jpg
images/01. Canecas/P00093,0025 - Copia (2).jpg
images/01. Canecas/P00093,0025 - Copia (3).jpg
images/01. Canecas/P00093,Titulo e Descrição.txt
images/01. Canecas/E00034,São Miguel Arcanjo (3).jpg
images/01. Canecas/E00034,São Miguel Arcanjo (2).jpg
images/01. Canecas/E00034,São Miguel Arcanjo (1).jpg
images/10. Garrafa Térmica/P00001,Garrafa-Cairus-T-rmica-Controle-de-temperatura-LED-e-N-cleo-de-a-o-500ml 001 2.jpg
images/10. Garrafa Térmica/P00001,Garrafa-Cairus-T-rmica-Controle-de-temperatura-LED-e-N-cleo-de-a-o-500ml 001.jpg
images/10. Garrafa Térmica/P00001,Titulo e Descrição.txt
images/10. Garrafa Térmica/P00001,Garrafa-Cairus-T-rmica-Controle-de-temperatura-LED-e-N-cleo-de-a-o-500ml-Branco_1690168705_g.png
images/10. Garrafa Térmica/P00004,Garrafa-Cairus-T-rmica-Controle-de-temperatura-LED-e-N-cleo-de-a-o-500ml 002.jpg
images/10. Garrafa Térmica/P00004,Garrafa-Cairus-T-rmica-Controle-de-temperatura-LED-e-N-cleo-de-a-o-500ml 002 2.jpg
images/10. Garrafa Térmica/P00004,Titulo e Descrição.txt
images/10. Garrafa Térmica/P00004,Garrafa-Cairus-T-rmica-Controle-de-temperatura-LED-e-N-cleo-de-a-o-500ml-Branco_1690168705_g.png
images/10. Garrafa Térmica/P00003,Garrafa-Cairus-T-rmica-Controle-de-temperatura-LED-e-N-cleo-de-a-o-500ml 003 2.jpg
images/10. Garrafa Térmica/P00003,Garrafa-Cairus-T-rmica-Controle-de-temperatura-LED-e-N-cleo-de-a-o-500ml 003.jpg
images/10. Garrafa Térmica/P00003,Titulo e Descrição.txt
images/10. Garrafa Térmica/P00003,Garrafa-Cairus-T-rmica-Controle-de-temperatura-LED-e-N-cleo-de-a-o-500ml-Branco_1690168705_g.png
images/10. Garrafa Térmica/P00002,Garrafa-Cairus-T-rmica-Controle-de-temperatura-LED-e-N-cleo-de-a-o-500ml 004 2.jpg
images/10. Garrafa Térmica/P00002,Garrafa-Cairus-T-rmica-Controle-de-temperatura-LED-e-N-cleo-de-a-o-500ml 004.jpg
images/10. Garrafa Térmica/P00002,Titulo e Descrição.txt
images/10. Garrafa Térmica/P00002,Garrafa-Cairus-T-rmica-Controle-de-temperatura-LED-e-N-cleo-de-a-o-500ml-Branco_1690168705_g.png
images/03. Squeeze/P00023,Nutrição (4).jpg
images/03. Squeeze/P00023,Nutrição (3).jpg
images/03. Squeeze/P00023,Nutrição (2).jpg
images/03. Squeeze/P00023,Nutrição (1).jpg
images/03. Squeeze/P00023,Titulo e Descrição.txt
images/03. Squeeze/P00024,Psicanalista (1).jpg
images/03. Squeeze/P00024,Psicanalista (4).jpg
images/03. Squeeze/P00024,Titulo e Descrição.txt
images/03. Squeeze/P00024,Psicanalista (3).jpg
images/03. Squeeze/P00024,Psicanalista (2).jpg
images/03. Squeeze/P00012,Economia (4).jpg
images/03. Squeeze/P00012,Economia (2).jpg
images/03. Squeeze/P00012,Economia (3).jpg
images/03. Squeeze/P00012,Titulo e Descrição.txt
images/03. Squeeze/P00012,Economia (1).jpg
images/03. Squeeze/P00015,Eng Cívil Masc (1).jpg
images/03. Squeeze/P00015,Eng Cívil Masc (2).jpg
images/03. Squeeze/P00015,Eng Cívil Masc (3).jpg
images/03. Squeeze/P00015,Titulo e Descrição.txt
images/03. Squeeze/P00015,Eng Cívil Masc (4).jpg
images/03. Squeeze/P00014,Engenharia de Produção (4).jpg
images/03. Squeeze/P00014,Engenharia de Produção (3).jpg
images/03. Squeeze/P00014,Engenharia de Produção (2).jpg
images/03. Squeeze/P00014,Engenharia de Produção (1).jpg
images/03. Squeeze/P00014,Titulo e Descrição.txt
images/03. Squeeze/P00013,Educação Física (3).jpg
images/03. Squeeze/P00013,Educação Física (2).jpg
images/03. Squeeze/P00013,Educação Física (4).jpg
images/03. Squeeze/P00013,Titulo e Descrição.txt
images/03. Squeeze/P00013,Educação Física (1).jpg
images/03. Squeeze/P00025,Redes Sociais (3).jpg
images/03. Squeeze/P00025,Redes Sociais (2).jpg
images/03. Squeeze/P00025,Redes Sociais (4).jpg
images/03. Squeeze/P00025,Titulo e Descrição.txt
images/03. Squeeze/P00025,Redes Sociais (1).jpg
images/03. Squeeze/P00022,Medicina (4).jpg
images/03. Squeeze/P00022,Medicina (2).jpg
images/03. Squeeze/P00022,Medicina (3).jpg
images/03. Squeeze/P00022,Titulo e Descrição.txt
images/03. Squeeze/P00022,Medicina (1).jpg
images/03. Squeeze/P00007,Biomedicina (1).jpg
images/03. Squeeze/P00007,Biomedicina (4).jpg
images/03. Squeeze/P00007,Titulo e Descrição.txt
images/03. Squeeze/P00007,Biomedicina (2).jpg
images/03. Squeeze/P00007,Biomedicina (3).jpg
images/03. Squeeze/P00031,Tecnico Enfermagem (4).jpg
images/03. Squeeze/P00031,Tecnico Enfermagem (2).jpg
images/03. Squeeze/P00031,Tecnico Enfermagem (3).jpg
images/03. Squeeze/P00031,Titulo e Descrição.txt
images/03. Squeeze/P00031,Tecnico Enfermagem (1).jpg
images/03. Squeeze/P00009,Contabilidade (2).jpg
images/03. Squeeze/P00009,Contabilidade (3).jpg
images/03. Squeeze/P00009,Contabilidade (4).jpg
images/03. Squeeze/P00009,Titulo e Descrição.txt
images/03. Squeeze/P00009,Contabilidade (1).jpg
images/03. Squeeze/P00008,Cabeleireira (4).jpg
images/03. Squeeze/P00008,Cabeleireira (3).jpg
images/03. Squeeze/P00008,Cabeleireira (2).jpg
images/03. Squeeze/P00008,Cabeleireira (1).jpg
images/03. Squeeze/P00008,Titulo e Descrição.txt
images/03. Squeeze/P00030,Estudante (4).jpg
images/03. Squeeze/P00030,Estudante (3).jpg
images/03. Squeeze/P00030,Estudante (2).jpg
images/03. Squeeze/P00030,Estudante (1).jpg
images/03. Squeeze/P00030,Titulo e Descrição.txt
images/03. Squeeze/P00006,Banqueiro (1).jpg
images/03. Squeeze/P00006,Titulo e Descrição.txt
images/03. Squeeze/P00006,Banqueiro (4).jpg
images/03. Squeeze/P00006,Banqueiro (3).jpg
images/03. Squeeze/P00006,Banqueiro (2).jpg
images/03. Squeeze/P00001,Acupuntura (4).jpg
images/03. Squeeze/P00001,Acupuntura (3).jpg
images/03. Squeeze/P00001,Acupuntura (2).jpg
images/03. Squeeze/P00001,Acupuntura (1).jpg
images/03. Squeeze/P00001,Titulo e Descrição.txt
images/03. Squeeze/P00027,TI (2).jpg
images/03. Squeeze/P00027,TI (3).jpg
images/03. Squeeze/P00027,TI (4).jpg
images/03. Squeeze/P00027,Titulo e Descrição.txt
images/03. Squeeze/P00027,TI (1).jpg
images/03. Squeeze/P00018,Fisioterapia (2).jpg
images/03. Squeeze/P00018,Fisioterapia (3).jpg
images/03. Squeeze/P00018,Fisioterapia (4).jpg
images/03. Squeeze/P00018,Titulo e Descrição.txt
images/03. Squeeze/P00018,Fisioterapia (1).jpg
images/03. Squeeze/P00020,Logística (4).jpg
images/03. Squeeze/P00020,Logística (3).jpg
images/03. Squeeze/P00020,Logística (2).jpg
images/03. Squeeze/P00020,Logística (1).jpg
images/03. Squeeze/P00020,Titulo e Descrição.txt
images/03. Squeeze/P00016,Estética (1).jpg
images/03. Squeeze/P00016,Estética (2).jpg
images/03. Squeeze/P00016,Titulo e Descrição.txt
images/03. Squeeze/P00016,Estética (3).jpg
images/03. Squeeze/P00016,Estética (4).jpg
images/03. Squeeze/P00029,Terapeuta Ocupacional (3).jpg
images/03. Squeeze/P00029,Terapeuta Ocupacional (2).jpg
images/03. Squeeze/P00029,Terapeuta Ocupacional (4).jpg
images/03. Squeeze/P00029,Titulo e Descrição.txt
images/03. Squeeze/P00029,Terapeuta Ocupacional (1).jpg
images/03. Squeeze/P00011,Depilação (1).jpg
images/03. Squeeze/P00011,Depilação (3).jpg
images/03. Squeeze/P00011,Titulo e Descrição.txt
images/03. Squeeze/P00011,Depilação (2).jpg
images/03. Squeeze/P00011,Depilação (4).jpg
images/03. Squeeze/P00010,Odonto Masc (1).jpg
images/03. Squeeze/P00010,Odonto Masc (3).jpg
images/03. Squeeze/P00010,Titulo e Descrição.txt
images/03. Squeeze/P00010,Odonto Masc (2).jpg
images/03. Squeeze/P00010,Odonto Masc (4).jpg
images/03. Squeeze/P00017,Engenharia Mecânica (4).jpg
images/03. Squeeze/P00017,Engenharia Mecânica (2).jpg
images/03. Squeeze/P00017,Engenharia Mecânica (3).jpg
images/03. Squeeze/P00017,Titulo e Descrição.txt
images/03. Squeeze/P00017,Engenharia Mecânica (1).jpg
images/03. Squeeze/P00021,Manicure (1).jpg
images/03. Squeeze/P00021,Manicure (4).jpg
images/03. Squeeze/P00021,Titulo e Descrição.txt
images/03. Squeeze/P00021,Manicure (2).jpg
images/03. Squeeze/P00021,Manicure (3).jpg
images/03. Squeeze/P00026,Professor (2).jpg
images/03. Squeeze/P00026,Professor (3).jpg
images/03. Squeeze/P00026,Professor (4).jpg
images/03. Squeeze/P00026,Titulo e Descrição.txt
images/03. Squeeze/P00026,Professor (1).jpg
images/03. Squeeze/P00019,Fonoaudiologia (1).jpg
images/03. Squeeze/P00019,Fonoaudiologia (2).jpg
images/03. Squeeze/P00019,Titulo e Descrição.txt
images/03. Squeeze/P00019,Fonoaudiologia (3).jpg
images/03. Squeeze/P00019,Fonoaudiologia (4).jpg
images/03. Squeeze/P00004,Agricultura (4).jpg
images/03. Squeeze/P00004,Agricultura (2).jpg
images/03. Squeeze/P00004,Agricultura (3).jpg
images/03. Squeeze/P00004,Titulo e Descrição.txt
images/03. Squeeze/P00004,Agricultura (1).jpg
images/03. Squeeze/P00003,Direito (1).jpg
images/03. Squeeze/P00003,Direito (4).jpg
images/03. Squeeze/P00003,Titulo e Descrição.txt
images/03. Squeeze/P00003,Direito (2).jpg
images/03. Squeeze/P00003,Direito (3).jpg
images/03. Squeeze/P00035,WhatsApp Image 2024-09-09 at 15.35.41.jpeg
images/03. Squeeze/P00035,WhatsApp Image 2024-09-09 at 15.35.41 (1).jpeg
images/03. Squeeze/P00035,Titulo e Descrição.txt
images/03. Squeeze/P00035,WhatsApp Image 2024-09-09 at 15.35.42.jpeg
images/03. Squeeze/P00032,Veterinário (2).jpg
images/03. Squeeze/P00032,Veterinário (3).jpg
images/03. Squeeze/P00032,Veterinário (4).jpg
images/03. Squeeze/P00032,Titulo e Descrição.txt
images/03. Squeeze/P00032,Veterinário (1).jpg
images/03. Squeeze/P00033,Titulo e Descrição.txt
images/03. Squeeze/P00034,Titulo e Descrição.txt
images/03. Squeeze/P00002,Administração (4).jpg
images/03. Squeeze/P00002,Administração (3).jpg
images/03. Squeeze/P00002,Administração (2).jpg
images/03. Squeeze/P00002,Administração (1).jpg
images/03. Squeeze/P00002,Titulo e Descrição.txt
images/03. Squeeze/P00005,Arquiteta (1).jpg
images/03. Squeeze/P00005,Arquiteta (2).jpg
images/03. Squeeze/P00005,Titulo e Descrição.txt
images/03. Squeeze/P00005,Arquiteta (3).jpg
images/03. Squeeze/P00005,Arquiteta (4).jpg
images/02. Almofadas,almofadas.bat
images/07. Cuecas,cueca.bat
images/07. Cuecas/P00001,Los 3 Más grandes.jpg
images/07. Cuecas/P00004,WhatsApp Image 2024-09-06 at 07.35.49.jpeg
images/07. Cuecas/P00004,Titulo e Descrição.txt
images/07. Cuecas/P00004,WhatsApp Image 2024-09-06 at 07.36.26.jpeg
images/07. Cuecas/P00003,Cueca Padrão - Mockup fenomeno e romario.png
images/07. Cuecas/P00003,Titulo e Descrição.txt
images/07. Cuecas/P00003,WhatsApp Image 2024-09-06 at 07.35.46.jpeg
images/07. Cuecas/P00003,WhatsApp Image 2024-09-06 at 07.36.26.jpeg
images/07. Cuecas/P00002,Cueca Padrão - Mockup Cristiano e Messi.png
images/07. Cuecas/P00002,WhatsApp Image 2024-09-06 at 07.35.47 (1).jpeg
images/07. Cuecas/P00002,Titulo e Descrição.txt
images/07. Cuecas/P00002,WhatsApp Image 2024-09-06 at 07.36.26.jpeg
images/11. Copo Térmico,copo.bat
images/11. Copo Térmico/P00001,Copo Termico Inox com Abridor - 01 - 002.jpg
images/11. Copo Térmico/P00001,61j08JtaF8L._AC_SL1200_.jpg
images/11. Copo Térmico/P00001,Titulo e Descrição.txt
images/11. Copo Térmico/P00001,Copo Termico Inox com Abridor - 01 - 002 1.jpg
images/11. Copo Térmico/P00001,Copo Termico Inox com Abridor - 01 - 002 2.jpg
images/11. Copo Térmico/P00004,Copo Termico Inox com Abridor - 01 - 003.jpg
images/11. Copo Térmico/P00004,41DYWhR81+L._AC_SL1000_.jpg
images/11. Copo Térmico/P00004,Copo Termico Inox com Abridor - 01 - 003 2.jpg
images/11. Copo Térmico/P00004,Copo Termico Inox com Abridor - 01 - 003 1.jpg
images/11. Copo Térmico/P00004,Titulo e Descrição.txt
images/11. Copo Térmico/P00003,Copo Termico Inox com Abridor - 01 - 001.jpg
images/11. Copo Térmico/P00003,61j08JtaF8L._AC_SL1200_.jpg
images/11. Copo Térmico/P00003,Copo Termico Inox com Abridor - 01 - 001 1.jpg
images/11. Copo Térmico/P00003,Copo Termico Inox com Abridor - 01 - 001 2.jpg
images/11. Copo Térmico/P00003,Titulo e Descrição.txt
images/11. Copo Térmico/P00002,Copo Termico Inox com Abridor - 01 - 004.jpg
images/11. Copo Térmico/P00002,61j08JtaF8L._AC_SL1200_.jpg
images/11. Copo Térmico/P00002,Titulo e Descrição.txt
images/11. Copo Térmico/P00002,Copo Termico Inox com Abridor - 01 - 004 1.jpg
images/11. Copo Térmico/P00002,Copo Termico Inox com Abridor - 01 - 004 2.jpg
